,Variable Name,T-Statistic,P-Value
0,age,-3.699171104643077,0.000233311708953358
1,ed,3.153506995535295,0.0016823602324908496
2,employ,-7.84090329207586,1.6763144528258996e-14
3,address,-4.427007283992238,1.1086195849440366e-05
4,income,-2.436893826614382,0.015062857970093253
5,debtinc,11.144534472823922,1.161847793355609e-26
6,creddebt,6.513259386932328,1.4069485191921702e-10
7,othdebt,3.6949754915526225,0.00023712249446793986
8,default,inf,0.0
